alimento_id,energia_kcal,proteina_g,carboidrato_g,lipideos_g,fibra_g,calcio_mg,ferro_mg,sodio_mg,magnesio_mg,fosforo_mg,potassio_mg,zinco_mg,vitamina_a_mcg,vitamina_c_mg,vitamina_d_mcg,tiamina_mg,riboflavina_mg,niacina_mg,piridoxina_mg,fonte,atualizado_em
1c838242-8507-41ab-8488-f22d1e7a460e,,,,,,30.0253333333333,0.24,,,,,0.038,,0.0,,,,,,TACO_4ED,2026-08-13T00:39:58.252011+00:00
2aec7740-f93c-4a9b-bbf0-3f5960f33d6b,,,,,,246.266666666667,0.126666666666667,,,,,0.86,,2.14333333333333,,,,,,TACO_4ED,2026-08-13T00:39:58.252011+00:00
09844e02-b95c-42e0-9a3e-7b685eae9fc1,,,,,,143.103333333333,0.0,,,,,0.443,,0.926666666666667,,,,,,TACO_4ED,2026-08-13T00:39:58.252011+00:00
99e2d0e6-a6cf-43b4-b846-9957fe166b41,,,,,,78.7293333333333,3.34866666666667,,,,,2.05433333333333,,,,,,,,TACO_4ED,2026-08-13T00:39:58.252011+00:00
343df9c9-9010-4c28-98b3-72935b5dbb5b,,,,,,142.923333333333,3.05,,,,,7.63,15.4583333333333,17.2933333333333,,,,,,TACO_4ED,2026-08-13T00:39:58.252011+00:00
8abc4498-be98-40a9-9dbf-320f385f9a18,,,,,,3.52333333333333,0.116333333333333,,,,,0.0,,0.0,,,,,,TACO_4ED,2026-08-13T00:39:58.252011+00:00
d0ae824d-fcd9-4265-ae5c-1524d655e7b7,,,,,,5.204,0.262,,,,,0.682666666666667,,,,,,,,TACO_4ED,2026-08-13T00:39:58.252011+00:00
00552594-d1bf-4e77-b64d-01ce30bc1d01,,,,,,14.4826666666667,0.820333333333334,,,,,0.571333333333333,,12.0,,,,,,TACO_4ED,2026-08-13T00:39:58.252011+00:00
05e258c5-d968-48b1-8d95-81e4fb377a08,,,,,,17.6266666666667,0.8,,,,,0.503333333333333,,0.0,,,,,,TACO_4ED,2026-08-13T00:39:58.252011+00:00
269547b9-c2ed-40c6-85bb-71709cc8f6de,,,,,,10.9166666666667,0.566666666666667,,,,,1.24666666666667,10.3733333333333,,,,,,,TACO_4ED,2026-08-13T00:39:58.252011+00:00
558ce193-6f23-49ae-bdc4-553ddfd55905,,,,,,1.07533333333333,0.0,,,,,0.0,,,,,,,,TACO_4ED,2026-08-13T00:39:58.252011+00:00
37762414-7e70-440e-bc7e-49a23f8f4754,,,,,,1.931,0.0,,,,,0.0,,,,,,,,TACO_4ED,2026-08-13T00:39:58.252011+00:00
0a63c74d-e4d1-419f-983c-38acc2d045bd,,,,,,1.54066666666667,0.173333333333333,,,,,0.202,,0.0,,,,,,TACO_4ED,2026-08-13T00:39:58.252011+00:00
1259f17f-3b73-44ee-b1e0-fd2f2c55b8f2,,,,,,579.253333333333,0.931,,,,,0.292333333333333,,0.0,,,,,,TACO_4ED,2026-08-13T00:39:58.252011+00:00
99410d61-593f-423d-854f-cf4d2ec15f62,,,,,,58.879,1.21066666666667,,,,,0.582666666666667,,0.0,,,,,,TACO_4ED,2026-08-13T00:39:58.252011+00:00
2a3fa53e-d0f2-4620-91c5-58c6f3329f1a,,,,,,10.2043333333333,0.250666666666667,,,,,0.172333333333333,,0.736666666666667,,,,,,TACO_4ED,2026-08-13T00:39:58.252011+00:00
da7814e6-e8f9-49ce-961e-a507f4a759cd,,,,,,11.85,0.423666666666667,,,,,0.378666666666667,,17.1,,,,,,TACO_4ED,2026-08-13T00:39:58.252011+00:00
5ab77cd4-a8cd-4e27-9e07-1446c1b3f4c8,,,,,,191.19,1.57666666666667,,,,,1.06333333333333,,0.0,,,,,,TACO_4ED,2026-08-13T00:39:58.252011+00:00
1956c16f-461e-4a19-982d-faaf64c93e8e,,,,,,22.159,0.268333333333333,,,,,0.194,,10.27,,,,,,TACO_4ED,2026-08-13T00:39:58.252011+00:00
e8d86396-7f06-4889-b670-e5ffb080488c,,,,,,9.97166666666667,1.18866666666667,,,,,0.405,,,,,,,,TACO_4ED,2026-08-13T00:39:58.252011+00:00
807e9526-091c-444b-bc23-76bd3c4d89e1,,,,,,13.947,0.622333333333333,,,,,0.679666666666667,31.0,0.0,,,,,,TACO_4ED,2026-08-13T00:39:58.252011+00:00
93258e0a-f7b7-415b-8f44-f1cb60cec89b,,,,,,34.0623333333333,1.89133333333333,,,,,1.70166666666667,,,,,,,,TACO_4ED,2026-08-13T00:39:58.252011+00:00
e5ff5723-3280-4604-a1be-f2c02b6dd3f0,,,,,,13.5626666666667,0.747,,,,,0.502333333333333,,,,,,,,TACO_4ED,2026-08-13T00:39:58.252011+00:00
