id,nome,eh_prato_composto,classificacao_nova,acessivel_ebia,grupos_alimentares,criado_por,nivel_maximo_ebia
0a045fee-f690-47e1-923a-d5d9c6693eae,Pão francês,False,IN_NATURA,True,['CEREAIS_E_TUBERCULOS'],,INSEGURANCA_GRAVE
1c838242-8507-41ab-8488-f22d1e7a460e,Tapioca,False,IN_NATURA,True,['CEREAIS_E_TUBERCULOS'],,INSEGURANCA_GRAVE
2aec7740-f93c-4a9b-bbf0-3f5960f33d6b,Leite,False,IN_NATURA,True,['LEITE_E_DERIVADOS'],,INSEGURANCA_GRAVE
e68cb200-ec5e-43d4-8c51-6bdccbef8693,Café com leite,False,IN_NATURA,True,['LEITE_E_DERIVADOS'],,INSEGURANCA_GRAVE
09844e02-b95c-42e0-9a3e-7b685eae9fc1,Iogurte,False,PROCESSADO,True,['LEITE_E_DERIVADOS'],,INSEGURANCA_GRAVE
99e2d0e6-a6cf-43b4-b846-9957fe166b41,Ovo,False,IN_NATURA,True,['CARNES_E_OVOS'],,INSEGURANCA_GRAVE
818606ec-7a04-4db2-ba40-19f811bbfb5d,Suco natural,False,IN_NATURA,True,['FRUTAS'],,INSEGURANCA_GRAVE
343df9c9-9010-4c28-98b3-72935b5dbb5b,Cereal matinal,False,ULTRAPROCESSADO,True,"['CEREAIS_E_TUBERCULOS', 'ACUCARES_E_DOCES']",,INSEGURANCA_GRAVE
6940271c-13c2-464e-87be-0d9bbcc736a2,"Salgado (coxinha, pastel...)",False,ULTRAPROCESSADO,True,['CEREAIS_E_TUBERCULOS'],,INSEGURANCA_GRAVE
a50f8c5e-f797-4e5a-9b85-d6a876052acd,Sanduíche natural,True,PROCESSADO,True,"['CEREAIS_E_TUBERCULOS', 'CARNES_E_OVOS']",,INSEGURANCA_GRAVE
8abc4498-be98-40a9-9dbf-320f385f9a18,Geleia,False,PROCESSADO,True,['ACUCARES_E_DOCES'],,INSEGURANCA_GRAVE
d0ae824d-fcd9-4265-ae5c-1524d655e7b7,Arroz,False,IN_NATURA,True,['CEREAIS_E_TUBERCULOS'],,INSEGURANCA_GRAVE
00552594-d1bf-4e77-b64d-01ce30bc1d01,Feijão,False,IN_NATURA,True,['LEGUMINOSAS'],,INSEGURANCA_GRAVE
05e258c5-d968-48b1-8d95-81e4fb377a08,Macarrão,False,IN_NATURA,True,['CEREAIS_E_TUBERCULOS'],,INSEGURANCA_GRAVE
269547b9-c2ed-40c6-85bb-71709cc8f6de,Frango,False,IN_NATURA,True,['CARNES_E_OVOS'],,INSEGURANCA_GRAVE
755d33f7-83c5-4b22-9436-7597abeeeeb1,Peixe,False,IN_NATURA,True,['CARNES_E_OVOS'],,INSEGURANCA_GRAVE
7fc680ef-a731-4aca-9442-c5ec035b4977,"Salada (alface, tomate...)",False,IN_NATURA,True,['LEGUMES_E_VERDURAS'],,INSEGURANCA_GRAVE
3c220c3e-87c2-40a6-8e19-1ab4b75c0536,Legumes cozidos,False,IN_NATURA,True,['LEGUMES_E_VERDURAS'],,INSEGURANCA_GRAVE
978f745b-42ec-42c6-98b1-5af2a46fe5b8,Miojo/macarrão instantâneo,False,ULTRAPROCESSADO,True,['CEREAIS_E_TUBERCULOS'],,INSEGURANCA_GRAVE
558ce193-6f23-49ae-bdc4-553ddfd55905,Refrigerante,False,ULTRAPROCESSADO,True,"['BEBIDAS', 'ACUCARES_E_DOCES']",,INSEGURANCA_GRAVE
914ac076-054b-45d6-9fba-0796e5404b32,Sorvete,False,ULTRAPROCESSADO,True,['ACUCARES_E_DOCES'],,INSEGURANCA_GRAVE
33cc4226-e2e9-430c-b912-4f7e1cfd0fff,Balas/doces,False,ULTRAPROCESSADO,True,['ACUCARES_E_DOCES'],,INSEGURANCA_GRAVE
1d1d190a-125a-49a3-9af6-aff64f4c3b4a,Castanhas/amendoim,False,IN_NATURA,True,['OLEAGINOSAS_E_SEMENTES'],,INSEGURANCA_GRAVE
37762414-7e70-440e-bc7e-49a23f8f4754,Chá,False,IN_NATURA,True,['BEBIDAS'],,INSEGURANCA_GRAVE
81307b14-31d3-446a-b477-a6a29ed721dc,Vitamina de fruta,False,IN_NATURA,True,"['FRUTAS', 'LEITE_E_DERIVADOS']",,INSEGURANCA_GRAVE
5ca80e27-38b9-4f56-8462-7fc7a7b026b8,Pão de forma,False,PROCESSADO,True,['CEREAIS_E_TUBERCULOS'],,INSEGURANCA_GRAVE
93c944ad-b578-46a9-a8ac-03dff7c1bcee,Pão de queijo,False,PROCESSADO,True,"['CEREAIS_E_TUBERCULOS', 'LEITE_E_DERIVADOS']",,INSEGURANCA_GRAVE
0a63c74d-e4d1-419f-983c-38acc2d045bd,Cuscuz,False,IN_NATURA,True,['CEREAIS_E_TUBERCULOS'],,INSEGURANCA_GRAVE
1259f17f-3b73-44ee-b1e0-fd2f2c55b8f2,Queijo,False,PROCESSADO,True,['LEITE_E_DERIVADOS'],,INSEGURANCA_GRAVE
c148a726-b903-4281-949e-c4b70fc721f5,Manteiga/margarina,False,PROCESSADO,True,['OLEOS_E_GORDURAS'],,INSEGURANCA_GRAVE
05634b94-8764-403f-9160-d3994f907465,"Fruta (banana, maçã, mamão...)",False,IN_NATURA,True,['FRUTAS'],,INSEGURANCA_GRAVE
426bdce1-9ff2-43eb-afed-2f1be93f6850,Bolacha/biscoito,False,ULTRAPROCESSADO,True,['ACUCARES_E_DOCES'],,INSEGURANCA_GRAVE
99410d61-593f-423d-854f-cf4d2ec15f62,Bolo,False,ULTRAPROCESSADO,True,['ACUCARES_E_DOCES'],,INSEGURANCA_GRAVE
2a3fa53e-d0f2-4620-91c5-58c6f3329f1a,Mel,False,IN_NATURA,True,['ACUCARES_E_DOCES'],,INSEGURANCA_GRAVE
da7814e6-e8f9-49ce-961e-a507f4a759cd,Batata,False,IN_NATURA,True,['CEREAIS_E_TUBERCULOS'],,INSEGURANCA_GRAVE
81b1062a-f551-43c5-a0e7-3befdb415d4b,Mandioca/aipim,False,IN_NATURA,True,['CEREAIS_E_TUBERCULOS'],,INSEGURANCA_GRAVE
4abdc2d0-15e0-4bfc-bb2b-6b862419b556,Carne bovina,False,IN_NATURA,True,['CARNES_E_OVOS'],,INSEGURANCA_GRAVE
65e731d6-a632-4ca5-a97f-8729ca5eedbb,Carne suína,False,IN_NATURA,True,['CARNES_E_OVOS'],,INSEGURANCA_GRAVE
059cb970-5908-4963-ab34-d85820fc4a83,Ovo frito/mexido,False,IN_NATURA,True,['CARNES_E_OVOS'],,INSEGURANCA_GRAVE
5ab77cd4-a8cd-4e27-9e07-1446c1b3f4c8,Chocolate,False,ULTRAPROCESSADO,True,['ACUCARES_E_DOCES'],,INSEGURANCA_GRAVE
24a8f398-3426-487a-825f-b7ee11613315,Barra de cereal,False,ULTRAPROCESSADO,True,['CEREAIS_E_TUBERCULOS'],,INSEGURANCA_GRAVE
f5700ef6-35a0-4e67-95de-bf1cc9b2bca9,Salgadinho de pacote,False,ULTRAPROCESSADO,True,['CEREAIS_E_TUBERCULOS'],,INSEGURANCA_GRAVE
1956c16f-461e-4a19-982d-faaf64c93e8e,Açaí,False,PROCESSADO,True,['FRUTAS'],,INSEGURANCA_GRAVE
96d6204d-a310-4179-9e2a-e8c460ca82eb,Strogonofe (carne ou frango),True,PROCESSADO,True,"['CARNES_E_OVOS', 'CEREAIS_E_TUBERCULOS']",,INSEGURANCA_GRAVE
e8d86396-7f06-4889-b670-e5ffb080488c,Lasanha,True,PROCESSADO,True,"['CEREAIS_E_TUBERCULOS', 'CARNES_E_OVOS', 'LEITE_E_DERIVADOS']",,INSEGURANCA_GRAVE
a927b098-d41f-4f29-85f3-3d629afaa546,Pizza,True,PROCESSADO,True,"['CEREAIS_E_TUBERCULOS', 'LEITE_E_DERIVADOS']",,INSEGURANCA_GRAVE
807e9526-091c-444b-bc23-76bd3c4d89e1,Yakisoba,True,PROCESSADO,True,"['CEREAIS_E_TUBERCULOS', 'LEGUMES_E_VERDURAS', 'CARNES_E_OVOS']",,INSEGURANCA_GRAVE
212d7251-b7c8-4a57-9d14-5c0424cfbff0,Risoto,True,PROCESSADO,True,"['CEREAIS_E_TUBERCULOS', 'CARNES_E_OVOS']",,INSEGURANCA_GRAVE
4bffc9e0-d147-41dd-8556-b7a62f34c633,Parmegiana (frango ou carne),True,PROCESSADO,True,"['CARNES_E_OVOS', 'LEITE_E_DERIVADOS', 'CEREAIS_E_TUBERCULOS']",,INSEGURANCA_GRAVE
1c3369dc-364d-4afa-af05-241242df1998,Escondidinho,True,PROCESSADO,True,"['CEREAIS_E_TUBERCULOS', 'CARNES_E_OVOS']",,INSEGURANCA_GRAVE
9df02726-3379-4a3e-b2cc-5e37f49a11dc,Espetinho/churrasco,False,PROCESSADO,True,['CARNES_E_OVOS'],,INSEGURANCA_GRAVE
93258e0a-f7b7-415b-8f44-f1cb60cec89b,Hambúrguer,True,PROCESSADO,True,"['CEREAIS_E_TUBERCULOS', 'CARNES_E_OVOS']",,INSEGURANCA_GRAVE
676837d3-1035-48eb-98ff-018851bca06f,Cachorro-quente,True,ULTRAPROCESSADO,True,"['CEREAIS_E_TUBERCULOS', 'CARNES_E_OVOS']",,INSEGURANCA_GRAVE
9cb57ca6-85e0-4636-80a9-a7757416680f,Batata frita,False,PROCESSADO,True,"['CEREAIS_E_TUBERCULOS', 'OLEOS_E_GORDURAS']",,INSEGURANCA_GRAVE
ef5c9140-3619-451e-84e2-915a97a9c82d,Nuggets,False,ULTRAPROCESSADO,True,['CARNES_E_OVOS'],,INSEGURANCA_GRAVE
e5ff5723-3280-4604-a1be-f2c02b6dd3f0,Empada,True,PROCESSADO,True,"['CEREAIS_E_TUBERCULOS', 'CARNES_E_OVOS']",,INSEGURANCA_GRAVE
8952ae8b-6459-46b1-a88a-335714121e28,Wrap,True,PROCESSADO,True,"['CEREAIS_E_TUBERCULOS', 'CARNES_E_OVOS', 'LEGUMES_E_VERDURAS']",,INSEGURANCA_GRAVE
5c14d877-1183-4b81-aa17-59f249108c12,Rty,False,PROCESSADO,True,['CEREAIS_E_TUBERCULOS'],c75da2a3-8456-4d3e-9efb-42a36b1ad16f,INSEGURANCA_GRAVE
fa6ec5b3-0701-4be6-8a54-b13739b8fe6a,Carbonara,False,ULTRAPROCESSADO,True,['CEREAIS_E_TUBERCULOS'],c75da2a3-8456-4d3e-9efb-42a36b1ad16f,INSEGURANCA_GRAVE
46dd9f32-f21f-45d2-8cab-535bf69a1a9c,Yu,False,PROCESSADO,True,['CEREAIS_E_TUBERCULOS'],c75da2a3-8456-4d3e-9efb-42a36b1ad16f,INSEGURANCA_GRAVE
bb1d444e-3f09-491d-b7ad-f00b8880a25d,Salada de frutas com iogurte,True,IN_NATURA,True,"['FRUTAS', 'LEITE_E_DERIVADOS']",,INSEGURANCA_GRAVE
77a2db54-0041-4f0d-bb46-b0efd43cb5b4,Omelete de legumes com queijo,True,IN_NATURA,True,"['CARNES_E_OVOS', 'LEGUMES_E_VERDURAS', 'LEITE_E_DERIVADOS']",,INSEGURANCA_GRAVE
9aa4ee6d-b4c1-458c-b87d-bafc256b5963,"Frango grelhado com arroz, feijão e legumes",True,IN_NATURA,True,"['CARNES_E_OVOS', 'CEREAIS_E_TUBERCULOS', 'LEGUMINOSAS', 'LEGUMES_E_VERDURAS']",,INSEGURANCA_GRAVE
bb28b299-9211-4881-8edf-62d811844306,Manga,False,IN_NATURA,True,['FRUTAS'],c75da2a3-8456-4d3e-9efb-42a36b1ad16f,INSEGURANCA_GRAVE
