id,nome,duracao_padrao_min,created_at
b1610ced-8908-41cb-a560-4bf0e40e9229,Caminhada,30,2026-08-02T06:45:52.428143+00:00
e83c9d68-079d-4239-b265-ebd954e7f93b,Corrida,30,2026-08-02T06:45:52.428143+00:00
ac0420f5-accf-45ce-9953-9fdf948bb651,Caminhada rápida,30,2026-08-02T06:45:52.428143+00:00
47fbf5d0-23a7-4803-879f-491bfd6fa616,Andar de bicicleta,30,2026-08-02T06:45:52.428143+00:00
4f10b685-0c88-446d-96f4-98f432f8c027,Natação,30,2026-08-02T06:45:52.428143+00:00
bae44bcc-4adf-4218-8fd0-c8918c905f82,Futebol,30,2026-08-02T06:45:52.428143+00:00
3d529fcf-ff22-4efd-b4bb-b2103949787d,Vôlei,30,2026-08-02T06:45:52.428143+00:00
f39c9a31-529a-4fcb-8bd3-d09c0b04fb59,Basquete,30,2026-08-02T06:45:52.428143+00:00
de170f3e-5c46-4e98-a10b-f4bd56052098,Handebol,30,2026-08-02T06:45:52.428143+00:00
16aeb4b1-da6a-4a29-a3af-cc9a722a6c14,Dança,30,2026-08-02T06:45:52.428143+00:00
3f904e16-224d-4ad1-8384-5d8f039fe69f,Zumba,30,2026-08-02T06:45:52.428143+00:00
9f4cda0e-5460-44ea-ad4c-196c23b15af2,Musculação,30,2026-08-02T06:45:52.428143+00:00
c74b612a-c37e-457e-9a28-d65037a43876,Alongamento,30,2026-08-02T06:45:52.428143+00:00
3c99eeff-8fab-4eff-b8b2-beefb1cecd09,Yoga,30,2026-08-02T06:45:52.428143+00:00
0c462d8a-e863-473d-bfb4-76de45815668,Pular corda,30,2026-08-02T06:45:52.428143+00:00
4a9e4b54-b8c2-431f-bcb7-23beff4ea2b2,Patinação,30,2026-08-02T06:45:52.428143+00:00
989a21f9-d852-4054-a927-4462b353953e,Skate,30,2026-08-02T06:45:52.428143+00:00
144d5efe-5a8e-4469-afb8-0a16c4bb5d78,Subir escadas,30,2026-08-02T06:45:52.428143+00:00
cd751c7b-5664-40cc-b902-a54deec30972,Educação física escolar,30,2026-08-02T06:45:52.428143+00:00
2cf0701b-6bf2-4017-bd06-8b7ac007a106,"Brincadeiras ativas (pega-pega, pique)",30,2026-08-02T06:45:52.428143+00:00
071353b5-c142-4c26-b8a9-b28efffaa43f,Andar de skate/patinete,30,2026-08-02T06:45:52.428143+00:00
328efafb-9f81-4b30-aaee-06ea18ce496d,Ginástica,30,2026-08-02T06:45:52.428143+00:00
435c2586-a1b7-447e-8ff0-586dc209d5eb,"Artes marciais (judô, karatê, taekwondo...)",30,2026-08-02T06:45:52.428143+00:00
0e2ad0ab-705f-4fb4-844c-655be1ccfb22,Capoeira,30,2026-08-02T06:45:52.428143+00:00
606615b7-8544-402b-8393-eaa137b68cec,Tênis,30,2026-08-02T06:45:52.428143+00:00
79c047ec-d93d-46b2-920f-ce0e52389efe,Trilha/caminhada na natureza,30,2026-08-02T06:45:52.428143+00:00
f10896ee-a270-4c46-8cda-60753116c92e,Treino funcional,30,2026-08-02T06:45:52.428143+00:00
527f0fab-0461-4aaf-a717-d8c79b37edef,Crossfit,30,2026-08-02T06:45:52.428143+00:00
2e5da801-509d-41f4-a2b0-90716485851a,Spinning/bike indoor,30,2026-08-02T06:45:52.428143+00:00
695d5e79-ee01-426a-9568-513b4d656ed9,Hidroginástica,30,2026-08-02T06:45:52.428143+00:00
