id,refeicao_id,mensagem_educativa,nivel_qualidade,data_geracao,dimensao_principal,feedback_processamento,feedback_nutricional,feedback_deficiencia,feedback_melhoria
9363e293-980f-4e65-a25b-ffb50127387b,313bb6f1-6369-4226-9f90-f5f4379064d1,"Refeição equilibrada, com uma mistura de tipos de alimentos.",EQUILIBRADO,2026-08-03T06:47:10.72736+00:00,,,,,
a0cad1e6-3d2c-4b77-95a8-822c98fe9931,d9af3a39-4c0c-4339-bec1-6738d1c6cc12,Muito bem! Essa refeição teve boa presença de alimentos naturais.,EXCELENTE,2026-08-03T06:56:42.713812+00:00,,,,,
88197e39-b808-4340-a4ad-be8141733c57,40737e25-3544-491c-9c8f-5f71b8745474,Muito bem! Essa refeição teve boa presença de alimentos naturais.,EXCELENTE,2026-08-11T05:45:49.401027+00:00,,,,,
860fa20d-bf39-4889-adf0-c1c1a6702d8f,01efa487-6179-4157-b592-d96512101280,"Refeição equilibrada, com uma mistura de tipos de alimentos.",EQUILIBRADO,2026-08-11T06:05:26.998227+00:00,,,,,
d0ec4c15-aaf3-49c0-a49d-8a779a9ad11c,0da08c1e-9e98-41a3-866b-8fcefe7323a4,Essa refeição teve bastante alimento ultraprocessado. Que tal equilibrar com algo mais natural na próxima?,ATENCAO_ULTRAPROCESSADO,2026-08-11T06:34:36.908823+00:00,,,,,
64eb5be2-a845-4897-8459-119d276b2886,15aa1ec0-ce69-4f16-a68c-5cf66c8a2a3b,Muito bem! Essa refeição teve boa presença de alimentos naturais.,EXCELENTE,2026-08-11T14:36:29.986716+00:00,,,,,
0a4e39cb-27d3-4447-af0c-a83d01571133,40519ce3-e910-48c7-bdcf-e71d5efe9095,Muito bem! Essa refeição teve boa presença de alimentos naturais.,EXCELENTE,2026-08-12T17:46:03.210533+00:00,,,,,
cc5bd9ec-1751-4449-9ea5-29d6c7f0784e,af5a5711-e1ec-4293-8988-83f6a6e7d7a3,Essa refeição teve bastante alimento ultraprocessado. Que tal equilibrar com algo mais natural na próxima?,ATENCAO_ULTRAPROCESSADO,2026-08-12T17:47:59.543348+00:00,,,,,
c32d0917-d362-40ee-93f3-2b71b9ebde91,bc609398-40db-4097-8beb-0fc0d8d1d5b5,"Essa refeição teve bastante alimento industrializado — tudo bem, o que importa é ir ajustando aos poucos. Quando der, tente incluir algo mais natural.",ATENCAO_ULTRAPROCESSADO,2026-08-12T20:27:16.051656+00:00,NOVA_ATENCAO,,,,
bbd8b9a2-468c-4505-aa72-bc27c937d6bf,592a8392-cc51-4520-b6d3-30d7cd189fbf,"Essa refeição teve bastante alimento industrializado — tudo bem, o que importa é ir ajustando aos poucos. Quando der, tente incluir algo mais natural.",ATENCAO_ULTRAPROCESSADO,2026-08-12T20:46:25.757548+00:00,NOVA_ATENCAO,,,,
1c82cef4-632b-441d-bf51-c6f0a6363494,9e7ec0ec-1a72-4564-965d-c7296f6d5302,"Essa refeição teve mais itens industrializados. Tudo bem, o que importa é ir ajustando aos poucos, sem pressa. Nos últimos dias faltou uma boa fonte de vitamina A nos seus registros. Que tal cenoura, manga ou folhas verde-escuras?",ATENCAO_ULTRAPROCESSADO,2026-08-13T02:30:10.441221+00:00,NUTRIENTE_SEMANAL,"Essa refeição teve mais itens industrializados. Tudo bem, o que importa é ir ajustando aos poucos, sem pressa.",Essa refeição teve 2 grupos alimentares diferentes. Aumentar a variedade ajuda a cobrir mais nutrientes.,"A gente sabe que nem sempre é fácil ter comida suficiente em casa. Você não está sozinho(a) nisso, e cada registro já ajuda a gente a te apoiar melhor.","Nos últimos dias faltou uma boa fonte de vitamina A nos seus registros. Que tal cenoura, manga ou folhas verde-escuras?"
fa2e020a-ff54-4727-a822-2fb4e27f8350,e1456a9d-f916-4d31-af5d-80f0a83ba571,"Essa refeição teve mais itens industrializados. Tudo bem, o que importa é ir ajustando aos poucos, sem pressa. Na próxima refeição, tente trocar um item industrializado por algo in natura, como uma fruta ou legume.",ATENCAO_ULTRAPROCESSADO,2026-08-13T02:52:35.02425+00:00,NOVA_ATENCAO,"Essa refeição teve mais itens industrializados. Tudo bem, o que importa é ir ajustando aos poucos, sem pressa.",Essa refeição ficou concentrada em um único grupo alimentar. Variar mais ajuda o corpo a receber nutrientes diferentes.,"Essa semana ainda dá tempo de explorar uma boa fonte de vitamina A. Que tal cenoura, manga ou folhas verde-escuras?","Na próxima refeição, tente trocar um item industrializado por algo in natura, como uma fruta ou legume."
477774f9-b82a-4720-9ed3-aadfbcc5af65,491dc4bb-bfb7-46a8-87ee-f49fa15fb60c,"Essa refeição teve mais itens industrializados. Tudo bem, o que importa é ir ajustando aos poucos, sem pressa. Na próxima refeição, tente trocar um item industrializado por algo in natura, como uma fruta ou legume.",ATENCAO_ULTRAPROCESSADO,2026-08-13T02:54:29.945045+00:00,NOVA_ATENCAO,"Essa refeição teve mais itens industrializados. Tudo bem, o que importa é ir ajustando aos poucos, sem pressa.",Essa refeição variou entre 3 grupos alimentares diferentes — boa diversidade.,"Essa semana ainda dá tempo de explorar uma boa fonte de vitamina A. Que tal cenoura, manga ou folhas verde-escuras?","Na próxima refeição, tente trocar um item industrializado por algo in natura, como uma fruta ou legume."
57af8e43-3f48-4c50-8b05-5b035e99409b,5ad38917-3f0e-4fa7-9094-1a17660889e8,"A maior parte dessa refeição foi de alimentos in natura ou pouco processados. Mandou bem! Continue assim! Na próxima, capriche numa boa variedade de grupos alimentares.",EXCELENTE,2026-08-13T02:58:08.08153+00:00,NOVA_POSITIVO,A maior parte dessa refeição foi de alimentos in natura ou pouco processados. Mandou bem!,Essa refeição variou entre 4 grupos alimentares diferentes — boa diversidade.,"Essa semana ainda dá tempo de explorar uma boa fonte de vitamina A. Que tal cenoura, manga ou folhas verde-escuras?","Continue assim! Na próxima, capriche numa boa variedade de grupos alimentares."
b0b2c288-75ef-45e8-b060-873c307ece33,1e2fa9e2-bbf8-436c-b562-88b6a5e7809c,"A maior parte dessa refeição foi de alimentos in natura ou pouco processados. Mandou bem! Continue assim! Na próxima, capriche numa boa variedade de grupos alimentares.",EXCELENTE,2026-08-13T03:01:52.138776+00:00,NOVA_POSITIVO,A maior parte dessa refeição foi de alimentos in natura ou pouco processados. Mandou bem!,Essa refeição teve 2 grupos alimentares diferentes. Aumentar a variedade ajuda a cobrir mais nutrientes.,"Essa semana ainda dá tempo de explorar uma boa fonte de vitamina A. Que tal cenoura, manga ou folhas verde-escuras?","Continue assim! Na próxima, capriche numa boa variedade de grupos alimentares."
b6a9e4a1-59ff-4afb-86f0-7c2b1052dcf7,3ed690ef-4869-4a79-b840-a8d360dcd0a3,"Essa refeição teve mais itens industrializados. Tudo bem, o que importa é ir ajustando aos poucos, sem pressa. Na próxima refeição, tente trocar um item industrializado por algo in natura, como uma fruta ou legume.",ATENCAO_ULTRAPROCESSADO,2026-08-13T03:16:26.6193+00:00,NOVA_ATENCAO,"Essa refeição teve mais itens industrializados. Tudo bem, o que importa é ir ajustando aos poucos, sem pressa.",Essa refeição ficou concentrada em um único grupo alimentar. Variar mais ajuda o corpo a receber nutrientes diferentes.,"Essa semana ainda dá tempo de explorar uma boa fonte de vitamina A. Que tal cenoura, manga ou folhas verde-escuras?","Na próxima refeição, tente trocar um item industrializado por algo in natura, como uma fruta ou legume."
ba7e2db4-057d-4a5b-9c92-2f35b22bf957,8e158013-d397-437a-b1c3-4671dac1583a,"A maior parte dessa refeição foi de alimentos in natura ou pouco processados. Mandou bem! Continue assim! Na próxima, capriche numa boa variedade de grupos alimentares.",EXCELENTE,2026-08-13T03:33:59.522564+00:00,NOVA_POSITIVO,A maior parte dessa refeição foi de alimentos in natura ou pouco processados. Mandou bem!,Essa refeição variou entre 4 grupos alimentares diferentes — boa diversidade.,"Essa semana ainda dá tempo de explorar uma boa fonte de vitamina A. Que tal cenoura, manga ou folhas verde-escuras?","Continue assim! Na próxima, capriche numa boa variedade de grupos alimentares."
af6a7cfe-e378-4544-8006-e9adc5ec2a2b,7197436e-4087-46a4-a370-342408b3afc4,"A maior parte dessa refeição foi de alimentos in natura ou pouco processados. Mandou bem! Continue assim! Na próxima, capriche numa boa variedade de grupos alimentares.",EXCELENTE,2026-08-13T03:34:42.830067+00:00,NOVA_POSITIVO,A maior parte dessa refeição foi de alimentos in natura ou pouco processados. Mandou bem!,Essa refeição ficou concentrada em um único grupo alimentar. Variar mais ajuda o corpo a receber nutrientes diferentes.,"Essa semana ainda dá tempo de explorar uma boa fonte de vitamina A. Que tal cenoura, manga ou folhas verde-escuras?","Continue assim! Na próxima, capriche numa boa variedade de grupos alimentares."
