id,prato_id,ingrediente_id,proporcao
e6e36a6e-e7f6-4bfd-81c5-1e493e5c3170,bb1d444e-3f09-491d-b7ad-f00b8880a25d,09844e02-b95c-42e0-9a3e-7b685eae9fc1,0.3
51cb0835-e30a-4a12-9456-1a2e9ae73584,bb1d444e-3f09-491d-b7ad-f00b8880a25d,05634b94-8764-403f-9160-d3994f907465,0.6
df5c2cf3-b2c1-4ff6-91b1-2d4b533f88b9,bb1d444e-3f09-491d-b7ad-f00b8880a25d,2a3fa53e-d0f2-4620-91c5-58c6f3329f1a,0.1
75191229-84f4-4bb7-8406-1d99e49367bf,77a2db54-0041-4f0d-bb46-b0efd43cb5b4,99e2d0e6-a6cf-43b4-b846-9957fe166b41,0.5
c6757681-3008-4edd-8fc0-2597659521c7,77a2db54-0041-4f0d-bb46-b0efd43cb5b4,3c220c3e-87c2-40a6-8e19-1ab4b75c0536,0.3
eda98898-4c72-4577-9d3f-f15c5cd0f9cf,77a2db54-0041-4f0d-bb46-b0efd43cb5b4,1259f17f-3b73-44ee-b1e0-fd2f2c55b8f2,0.2
3ffd5229-f407-4204-821c-500e5975e00e,9aa4ee6d-b4c1-458c-b87d-bafc256b5963,d0ae824d-fcd9-4265-ae5c-1524d655e7b7,0.25
02ed0cbb-7712-4aa6-bc95-b7ce1664b598,9aa4ee6d-b4c1-458c-b87d-bafc256b5963,00552594-d1bf-4e77-b64d-01ce30bc1d01,0.2
b0142127-a78e-4809-82c2-ec44784e9e3f,9aa4ee6d-b4c1-458c-b87d-bafc256b5963,269547b9-c2ed-40c6-85bb-71709cc8f6de,0.35
2f383aaa-58a4-4bc6-9bc3-315e1950c5df,9aa4ee6d-b4c1-458c-b87d-bafc256b5963,3c220c3e-87c2-40a6-8e19-1ab4b75c0536,0.2
