id,receita_id,ordem,titulo,descricao,foto_url
a24ecf92-a352-426b-a112-0d2c9596606d,3606af34-fbfa-4ebd-85a8-b62b158f29a0,1,Corte as frutas,Corte as frutas em pedaços pequenos e coloque numa tigela.,
24a9f228-5b2a-4937-be5a-598d07bdd95a,3606af34-fbfa-4ebd-85a8-b62b158f29a0,2,Junte o iogurte,Despeje o iogurte por cima das frutas cortadas.,
9ca2a998-d934-422f-90b4-9fc90ba090ac,3606af34-fbfa-4ebd-85a8-b62b158f29a0,3,Finalize e sirva,"Regue com o mel, misture tudo com uma colher e sirva na hora.",
16e7e93a-aaa7-46e8-8662-21fc330a5005,de6556d5-a327-40e5-81ac-18f351bc2717,1,Bata os ovos,Bata os ovos numa tigela com um garfo até ficar homogêneo.,
cbe4d6b4-4466-4e8c-b568-b40c770f9e6c,de6556d5-a327-40e5-81ac-18f351bc2717,2,Refogue os legumes,"Numa frigideira em fogo médio com um fio de óleo, refogue os legumes picados por 2 minutos. Peça ajuda de um adulto pra ligar o fogão.",
6cd804db-c0d4-4c40-92a7-31556bbf5105,de6556d5-a327-40e5-81ac-18f351bc2717,3,Adicione o ovo e o queijo,Despeje os ovos batidos por cima dos legumes e espalhe o queijo. Deixe firmar.,
cfda65e8-308b-4115-b179-1cac38f4a2d5,de6556d5-a327-40e5-81ac-18f351bc2717,4,Dobre e sirva,"Com cuidado, dobre a omelete ao meio com uma espátula, deixe mais 1-2 minutos e sirva.",
016d2ac6-e8c6-4ab6-8c89-f21d90075108,808303de-5c7c-4331-be5c-4acdffa9c09c,1,Tempere o frango,"Tempere o frango com sal, alho e limão e deixe descansar 10 minutos.",
23499b45-4929-4e47-8aa1-90d2f0e95234,808303de-5c7c-4331-be5c-4acdffa9c09c,2,Cozinhe o arroz e o feijão,"Coloque o arroz e o feijão para cozinhar (ou apenas esquente, se já estiverem prontos).",
555be070-a8a4-47ec-8184-34818b277cfb,808303de-5c7c-4331-be5c-4acdffa9c09c,3,Cozinhe os legumes,"Em outra panela, cozinhe os legumes até ficarem macios.",
ea005d84-d3aa-4c9e-8b2c-51d1b0d6b8f3,808303de-5c7c-4331-be5c-4acdffa9c09c,4,Grelhe o frango,"Grelhe o frango numa frigideira em fogo médio por cerca de 6 minutos de cada lado, até dourar por fora e não ficar rosado por dentro. Peça supervisão de um adulto nessa parte.",
8e7867e4-7da5-4088-9f11-ebbcd4299901,808303de-5c7c-4331-be5c-4acdffa9c09c,5,Monte o prato,"Monte o prato com um pouco de cada parte: frango, arroz, feijão e legumes.",
