refeicao_id,alimento_id,quantidade
4bf37c79-4053-4bfd-a5e6-5eb31731abfb,0a045fee-f690-47e1-923a-d5d9c6693eae,1
4bf37c79-4053-4bfd-a5e6-5eb31731abfb,c148a726-b903-4281-949e-c4b70fc721f5,1
92da9b48-a109-4f77-8f5f-afa5085137c1,05634b94-8764-403f-9160-d3994f907465,1
8038a9c5-837e-476a-abd2-5f0b47c5ffa6,d0ae824d-fcd9-4265-ae5c-1524d655e7b7,1
8038a9c5-837e-476a-abd2-5f0b47c5ffa6,00552594-d1bf-4e77-b64d-01ce30bc1d01,1
8038a9c5-837e-476a-abd2-5f0b47c5ffa6,269547b9-c2ed-40c6-85bb-71709cc8f6de,1
8038a9c5-837e-476a-abd2-5f0b47c5ffa6,7fc680ef-a731-4aca-9442-c5ec035b4977,1
8038a9c5-837e-476a-abd2-5f0b47c5ffa6,818606ec-7a04-4db2-ba40-19f811bbfb5d,1
36a52b98-c68b-4a0c-b008-af3c070ba6a8,99410d61-593f-423d-854f-cf4d2ec15f62,1
ef1fad9a-18a3-40b2-913b-2c5d4466b9df,978f745b-42ec-42c6-98b1-5af2a46fe5b8,1
ef1fad9a-18a3-40b2-913b-2c5d4466b9df,7fc680ef-a731-4aca-9442-c5ec035b4977,1
ef1fad9a-18a3-40b2-913b-2c5d4466b9df,d0ae824d-fcd9-4265-ae5c-1524d655e7b7,1
8fb161bc-4f11-435f-a1fe-b0e9347d3af7,05634b94-8764-403f-9160-d3994f907465,1
313bb6f1-6369-4226-9f90-f5f4379064d1,1956c16f-461e-4a19-982d-faaf64c93e8e,3
d9af3a39-4c0c-4339-bec1-6738d1c6cc12,2aec7740-f93c-4a9b-bbf0-3f5960f33d6b,2
d9af3a39-4c0c-4339-bec1-6738d1c6cc12,05e258c5-d968-48b1-8d95-81e4fb377a08,1
5f7b04f2-10ac-413b-adc6-511ac748b003,99e2d0e6-a6cf-43b4-b846-9957fe166b41,1
40737e25-3544-491c-9c8f-5f71b8745474,d0ae824d-fcd9-4265-ae5c-1524d655e7b7,1
01efa487-6179-4157-b592-d96512101280,1956c16f-461e-4a19-982d-faaf64c93e8e,1
01efa487-6179-4157-b592-d96512101280,6940271c-13c2-464e-87be-0d9bbcc736a2,1
01efa487-6179-4157-b592-d96512101280,a50f8c5e-f797-4e5a-9b85-d6a876052acd,1
01efa487-6179-4157-b592-d96512101280,914ac076-054b-45d6-9fba-0796e5404b32,1
01efa487-6179-4157-b592-d96512101280,96d6204d-a310-4179-9e2a-e8c460ca82eb,1
0da08c1e-9e98-41a3-866b-8fcefe7323a4,fa6ec5b3-0701-4be6-8a54-b13739b8fe6a,2
0da08c1e-9e98-41a3-866b-8fcefe7323a4,46dd9f32-f21f-45d2-8cab-535bf69a1a9c,1
0da08c1e-9e98-41a3-866b-8fcefe7323a4,33cc4226-e2e9-430c-b912-4f7e1cfd0fff,2
15aa1ec0-ce69-4f16-a68c-5cf66c8a2a3b,676837d3-1035-48eb-98ff-018851bca06f,1
15aa1ec0-ce69-4f16-a68c-5cf66c8a2a3b,9aa4ee6d-b4c1-458c-b87d-bafc256b5963,5
40519ce3-e910-48c7-bdcf-e71d5efe9095,1956c16f-461e-4a19-982d-faaf64c93e8e,1
40519ce3-e910-48c7-bdcf-e71d5efe9095,e68cb200-ec5e-43d4-8c51-6bdccbef8693,1
af5a5711-e1ec-4293-8988-83f6a6e7d7a3,33cc4226-e2e9-430c-b912-4f7e1cfd0fff,1
af5a5711-e1ec-4293-8988-83f6a6e7d7a3,426bdce1-9ff2-43eb-afed-2f1be93f6850,1
af5a5711-e1ec-4293-8988-83f6a6e7d7a3,978f745b-42ec-42c6-98b1-5af2a46fe5b8,1
bc609398-40db-4097-8beb-0fc0d8d1d5b5,fa6ec5b3-0701-4be6-8a54-b13739b8fe6a,1
592a8392-cc51-4520-b6d3-30d7cd189fbf,676837d3-1035-48eb-98ff-018851bca06f,1
302309a2-09cd-45d4-8f76-cc77aa0b496b,fa6ec5b3-0701-4be6-8a54-b13739b8fe6a,2
302309a2-09cd-45d4-8f76-cc77aa0b496b,d0ae824d-fcd9-4265-ae5c-1524d655e7b7,1
302309a2-09cd-45d4-8f76-cc77aa0b496b,33cc4226-e2e9-430c-b912-4f7e1cfd0fff,1
faeb7b4b-fdfb-4371-a8c7-ed86b14024cc,fa6ec5b3-0701-4be6-8a54-b13739b8fe6a,2
faeb7b4b-fdfb-4371-a8c7-ed86b14024cc,d0ae824d-fcd9-4265-ae5c-1524d655e7b7,1
faeb7b4b-fdfb-4371-a8c7-ed86b14024cc,33cc4226-e2e9-430c-b912-4f7e1cfd0fff,1
2dd24f84-447f-4494-994e-0e1407f1fd70,fa6ec5b3-0701-4be6-8a54-b13739b8fe6a,2
2dd24f84-447f-4494-994e-0e1407f1fd70,d0ae824d-fcd9-4265-ae5c-1524d655e7b7,1
2dd24f84-447f-4494-994e-0e1407f1fd70,33cc4226-e2e9-430c-b912-4f7e1cfd0fff,1
293a4564-6d74-4616-a6a9-abe7081a2b04,fa6ec5b3-0701-4be6-8a54-b13739b8fe6a,2
293a4564-6d74-4616-a6a9-abe7081a2b04,d0ae824d-fcd9-4265-ae5c-1524d655e7b7,1
293a4564-6d74-4616-a6a9-abe7081a2b04,33cc4226-e2e9-430c-b912-4f7e1cfd0fff,1
c5296d81-af48-4145-9d1d-08b34434e613,fa6ec5b3-0701-4be6-8a54-b13739b8fe6a,2
c5296d81-af48-4145-9d1d-08b34434e613,d0ae824d-fcd9-4265-ae5c-1524d655e7b7,1
c5296d81-af48-4145-9d1d-08b34434e613,33cc4226-e2e9-430c-b912-4f7e1cfd0fff,1
5a37fb95-fd5b-49a7-9375-81c22d869ac4,676837d3-1035-48eb-98ff-018851bca06f,1
9e7ec0ec-1a72-4564-965d-c7296f6d5302,676837d3-1035-48eb-98ff-018851bca06f,1
e1456a9d-f916-4d31-af5d-80f0a83ba571,fa6ec5b3-0701-4be6-8a54-b13739b8fe6a,1
e1456a9d-f916-4d31-af5d-80f0a83ba571,5c14d877-1183-4b81-aa17-59f249108c12,1
491dc4bb-bfb7-46a8-87ee-f49fa15fb60c,426bdce1-9ff2-43eb-afed-2f1be93f6850,1
491dc4bb-bfb7-46a8-87ee-f49fa15fb60c,99410d61-593f-423d-854f-cf4d2ec15f62,1
491dc4bb-bfb7-46a8-87ee-f49fa15fb60c,676837d3-1035-48eb-98ff-018851bca06f,1
5ad38917-3f0e-4fa7-9094-1a17660889e8,0a63c74d-e4d1-419f-983c-38acc2d045bd,1
5ad38917-3f0e-4fa7-9094-1a17660889e8,37762414-7e70-440e-bc7e-49a23f8f4754,1
5ad38917-3f0e-4fa7-9094-1a17660889e8,00552594-d1bf-4e77-b64d-01ce30bc1d01,3
5ad38917-3f0e-4fa7-9094-1a17660889e8,269547b9-c2ed-40c6-85bb-71709cc8f6de,1
1e2fa9e2-bbf8-436c-b562-88b6a5e7809c,81307b14-31d3-446a-b477-a6a29ed721dc,1
3ed690ef-4869-4a79-b840-a8d360dcd0a3,fa6ec5b3-0701-4be6-8a54-b13739b8fe6a,1
8e158013-d397-437a-b1c3-4671dac1583a,9aa4ee6d-b4c1-458c-b87d-bafc256b5963,1
7197436e-4087-46a4-a370-342408b3afc4,bb28b299-9211-4881-8edf-62d811844306,1
