id,recordatorio_id,registro_diario_id,tipo,realizada,horario_registro
65ab4d47-1bd3-45b1-8209-170e3498c433,0d78c657-4e2c-495a-8853-6b417132a92a,,CAFE_DA_MANHA,False,
23c7b140-4393-46b2-98d5-da420c6b23fe,0d78c657-4e2c-495a-8853-6b417132a92a,,LANCHE_MANHA,False,
7bbf2ff3-8749-4870-894c-475c09a5ad8a,0d78c657-4e2c-495a-8853-6b417132a92a,,ALMOCO,False,
9b9ce4c4-e400-484a-8820-255c2619d50c,0d78c657-4e2c-495a-8853-6b417132a92a,,LANCHE_TARDE,False,
bc94de27-1e5a-4c3c-850c-e3d34eb6b9d1,0d78c657-4e2c-495a-8853-6b417132a92a,,JANTAR,False,
27f1f51d-cd0d-4c83-9867-0f7a4c57b40c,0d78c657-4e2c-495a-8853-6b417132a92a,,CEIA,False,
94ba239c-b7e0-475b-a951-ca2963e74fbc,b32f450d-d56f-4072-ae4e-d6c111dcb024,,CAFE_DA_MANHA,False,
a6476e57-42fc-400d-bf52-f6db08e0a3fc,b32f450d-d56f-4072-ae4e-d6c111dcb024,,LANCHE_MANHA,False,
4080bf90-bd81-4616-89d9-24a249caa441,b32f450d-d56f-4072-ae4e-d6c111dcb024,,ALMOCO,False,
a1ec694a-2756-41c2-8dbc-1512194ad16c,b32f450d-d56f-4072-ae4e-d6c111dcb024,,LANCHE_TARDE,False,
c5c8b39b-5887-49e8-aabf-4e6c835d187a,b32f450d-d56f-4072-ae4e-d6c111dcb024,,JANTAR,False,
ba5e7003-f852-4b03-a069-04d2168151bc,b32f450d-d56f-4072-ae4e-d6c111dcb024,,CEIA,False,
4bf37c79-4053-4bfd-a5e6-5eb31731abfb,a5633c19-13c8-473a-89b4-c29868952dfd,,CAFE_DA_MANHA,True,
92da9b48-a109-4f77-8f5f-afa5085137c1,a5633c19-13c8-473a-89b4-c29868952dfd,,LANCHE_MANHA,True,
8038a9c5-837e-476a-abd2-5f0b47c5ffa6,a5633c19-13c8-473a-89b4-c29868952dfd,,ALMOCO,True,
36a52b98-c68b-4a0c-b008-af3c070ba6a8,a5633c19-13c8-473a-89b4-c29868952dfd,,LANCHE_TARDE,True,
ef1fad9a-18a3-40b2-913b-2c5d4466b9df,a5633c19-13c8-473a-89b4-c29868952dfd,,JANTAR,True,
8fb161bc-4f11-435f-a1fe-b0e9347d3af7,a5633c19-13c8-473a-89b4-c29868952dfd,,CEIA,True,
313bb6f1-6369-4226-9f90-f5f4379064d1,,0be69a43-1dbf-4a79-86c4-f67df21ce006,LANCHE_MANHA,True,03:47:10
18d489a9-4013-4de3-97b5-6a5f4e6f915a,ecd5f65f-8976-4791-a91c-5881769f94fb,,CAFE_DA_MANHA,False,
048b166e-ab5e-430b-8e30-eadf2927e523,ecd5f65f-8976-4791-a91c-5881769f94fb,,LANCHE_MANHA,False,
1b3476f7-9e4c-4426-967e-1037f74ca9a5,ecd5f65f-8976-4791-a91c-5881769f94fb,,ALMOCO,False,
ac90cab4-7a06-47d6-95ad-c7980b21754f,ecd5f65f-8976-4791-a91c-5881769f94fb,,LANCHE_TARDE,False,
97542f3d-9dde-4eac-a6a6-7b89c47e19f6,ecd5f65f-8976-4791-a91c-5881769f94fb,,JANTAR,False,
5b019864-f882-4f5e-9e8a-c74b9650f970,ecd5f65f-8976-4791-a91c-5881769f94fb,,CEIA,False,
66a2591d-92e6-4081-9b6b-b9e77e57daf9,bf3fee6f-7331-4d23-9b24-91b23286fb18,,CAFE_DA_MANHA,False,
7f5c4e4a-aad7-4ef5-b3c5-f184e811968b,bf3fee6f-7331-4d23-9b24-91b23286fb18,,LANCHE_MANHA,False,
a4ff7570-c3f3-4f2f-91ce-f8b22f954332,bf3fee6f-7331-4d23-9b24-91b23286fb18,,ALMOCO,False,
21ff325e-938e-4742-a635-8d6858798faa,bf3fee6f-7331-4d23-9b24-91b23286fb18,,LANCHE_TARDE,False,
cde12197-d22e-438f-b6c1-428ca36f430e,bf3fee6f-7331-4d23-9b24-91b23286fb18,,JANTAR,False,
576ef465-1b47-4109-99de-adac799b963d,bf3fee6f-7331-4d23-9b24-91b23286fb18,,CEIA,False,
d9af3a39-4c0c-4339-bec1-6738d1c6cc12,,1fcc74a6-1ee0-443f-a9a3-2152acc11017,LANCHE_MANHA,True,03:56:41
5f7b04f2-10ac-413b-adc6-511ac748b003,fe58a8ba-6584-4f8a-8b45-0f0898afef22,,CAFE_DA_MANHA,True,
27a80821-2982-4541-9b6f-ba5b474c7f1e,fe58a8ba-6584-4f8a-8b45-0f0898afef22,,LANCHE_MANHA,False,
e5aab02e-ce48-42fa-80c2-e6e05e030a19,fe58a8ba-6584-4f8a-8b45-0f0898afef22,,ALMOCO,False,
fe851117-95ef-44ea-af27-0fe9d77a9840,fe58a8ba-6584-4f8a-8b45-0f0898afef22,,LANCHE_TARDE,False,
8e19f188-63b0-494b-a860-1ed75b52e34c,fe58a8ba-6584-4f8a-8b45-0f0898afef22,,JANTAR,False,
36a331aa-9dc2-40dd-a01d-82ee2fc330f1,fe58a8ba-6584-4f8a-8b45-0f0898afef22,,CEIA,False,
40737e25-3544-491c-9c8f-5f71b8745474,,b197a0fd-9ffd-4f78-b608-bc2359e9a65d,CAFE_DA_MANHA,True,02:45:48
01efa487-6179-4157-b592-d96512101280,,b197a0fd-9ffd-4f78-b608-bc2359e9a65d,CAFE_DA_MANHA,True,03:05:26
0da08c1e-9e98-41a3-866b-8fcefe7323a4,,b197a0fd-9ffd-4f78-b608-bc2359e9a65d,LANCHE_MANHA,True,03:34:36
15aa1ec0-ce69-4f16-a68c-5cf66c8a2a3b,,b197a0fd-9ffd-4f78-b608-bc2359e9a65d,CAFE_DA_MANHA,True,11:36:29
40519ce3-e910-48c7-bdcf-e71d5efe9095,,670e3ae3-a9d9-43b5-88a5-d03708d03e7e,LANCHE_TARDE,True,14:46:03
af5a5711-e1ec-4293-8988-83f6a6e7d7a3,,670e3ae3-a9d9-43b5-88a5-d03708d03e7e,CAFE_DA_MANHA,True,14:47:59
bc609398-40db-4097-8beb-0fc0d8d1d5b5,,670e3ae3-a9d9-43b5-88a5-d03708d03e7e,JANTAR,True,17:27:15
592a8392-cc51-4520-b6d3-30d7cd189fbf,,670e3ae3-a9d9-43b5-88a5-d03708d03e7e,ALMOCO,True,17:46:25
302309a2-09cd-45d4-8f76-cc77aa0b496b,,670e3ae3-a9d9-43b5-88a5-d03708d03e7e,CAFE_DA_MANHA,True,21:23:40
faeb7b4b-fdfb-4371-a8c7-ed86b14024cc,,670e3ae3-a9d9-43b5-88a5-d03708d03e7e,CAFE_DA_MANHA,True,21:23:46
2dd24f84-447f-4494-994e-0e1407f1fd70,,670e3ae3-a9d9-43b5-88a5-d03708d03e7e,CAFE_DA_MANHA,True,21:23:52
293a4564-6d74-4616-a6a9-abe7081a2b04,,670e3ae3-a9d9-43b5-88a5-d03708d03e7e,CAFE_DA_MANHA,True,21:23:55
c5296d81-af48-4145-9d1d-08b34434e613,,670e3ae3-a9d9-43b5-88a5-d03708d03e7e,CAFE_DA_MANHA,True,21:27:13
5a37fb95-fd5b-49a7-9375-81c22d869ac4,,670e3ae3-a9d9-43b5-88a5-d03708d03e7e,CAFE_DA_MANHA,True,21:48:03
9e7ec0ec-1a72-4564-965d-c7296f6d5302,,670e3ae3-a9d9-43b5-88a5-d03708d03e7e,ALMOCO,True,23:30:09
e1456a9d-f916-4d31-af5d-80f0a83ba571,,670e3ae3-a9d9-43b5-88a5-d03708d03e7e,CEIA,True,23:52:34
491dc4bb-bfb7-46a8-87ee-f49fa15fb60c,,670e3ae3-a9d9-43b5-88a5-d03708d03e7e,JANTAR,True,23:54:29
5ad38917-3f0e-4fa7-9094-1a17660889e8,,670e3ae3-a9d9-43b5-88a5-d03708d03e7e,LANCHE_TARDE,True,23:58:07
1e2fa9e2-bbf8-436c-b562-88b6a5e7809c,,f303c6d3-0646-49a9-88a6-b9bb003491ba,CAFE_DA_MANHA,True,00:01:51
3ed690ef-4869-4a79-b840-a8d360dcd0a3,,f303c6d3-0646-49a9-88a6-b9bb003491ba,CAFE_DA_MANHA,True,00:16:26
8e158013-d397-437a-b1c3-4671dac1583a,,f303c6d3-0646-49a9-88a6-b9bb003491ba,CAFE_DA_MANHA,True,00:33:58
7197436e-4087-46a4-a370-342408b3afc4,,f303c6d3-0646-49a9-88a6-b9bb003491ba,LANCHE_MANHA,True,00:34:42
