id,registro_diario_id,quantidade_ml,horario_registro
64af1618-8bb0-4bda-b9e0-b4ea16717f30,3bd334f3-d1d8-4056-8032-b7fbac3f3374,200,20:43:00
65fad6a1-0338-4ca2-b5fa-a2d07c369f5e,3bd334f3-d1d8-4056-8032-b7fbac3f3374,300,20:43:29
96bb5a7a-699e-4a3d-962e-dfeb73d660c1,3bd334f3-d1d8-4056-8032-b7fbac3f3374,450,21:04:17
b7ad99cc-1fe3-4823-a00b-d0622b7ec519,3bd334f3-d1d8-4056-8032-b7fbac3f3374,200,21:04:25
cb08766a-d2d3-41de-ae32-24fe7284b73a,3bd334f3-d1d8-4056-8032-b7fbac3f3374,100,21:14:33
bebb327f-343d-4b04-9ac5-f85f6a03b9f3,3bd334f3-d1d8-4056-8032-b7fbac3f3374,750,21:14:53
a39ee9bd-41d4-4324-a1d0-7dd8034c76c0,3bd334f3-d1d8-4056-8032-b7fbac3f3374,1000,21:15:26
b4d98f4b-ec25-4435-ba9b-79a8fb17fe33,3bd334f3-d1d8-4056-8032-b7fbac3f3374,750,21:16:14
4c8dea43-081b-4eb5-828d-e13240bd3484,3bd334f3-d1d8-4056-8032-b7fbac3f3374,200,21:18:18
57b9a01c-abb6-42a1-83d6-3d800f52db04,3bd334f3-d1d8-4056-8032-b7fbac3f3374,1000,21:23:12
91b17b6c-f089-45e2-bf96-4620afc0bb3b,3bd334f3-d1d8-4056-8032-b7fbac3f3374,300,23:40:50
3b85cfca-67b1-46a0-bfdd-462b20f75789,3bd334f3-d1d8-4056-8032-b7fbac3f3374,200,23:41:04
2ac1b98a-8c28-4e28-9da4-3e88866abd34,0be69a43-1dbf-4a79-86c4-f67df21ce006,600,03:35:24
06aaea1e-2c4a-495b-9a07-071945adb415,0be69a43-1dbf-4a79-86c4-f67df21ce006,1000,03:35:31
801674e5-9b9a-4002-b8c7-824e6d9539f8,0be69a43-1dbf-4a79-86c4-f67df21ce006,1000,03:35:42
e4e28e8b-af0e-4b27-acfc-5dfe29d107d4,b197a0fd-9ffd-4f78-b608-bc2359e9a65d,200,02:42:25
d4c070db-c282-4fe8-a3c9-cf537023ef11,b197a0fd-9ffd-4f78-b608-bc2359e9a65d,500,02:42:33
a3328ebb-33ed-485d-a911-33ebaae9214e,b197a0fd-9ffd-4f78-b608-bc2359e9a65d,200,11:36:57
a9f73160-86e0-4080-beb9-bc6174d9acf6,670e3ae3-a9d9-43b5-88a5-d03708d03e7e,200,14:44:20
1ac889a5-1310-4ad2-b130-ebc065d3ea68,670e3ae3-a9d9-43b5-88a5-d03708d03e7e,400,14:44:26
f00377b0-aa5b-457c-b04d-ebc7f1b94804,670e3ae3-a9d9-43b5-88a5-d03708d03e7e,100,14:44:47
799fb107-3c1e-40af-b5f1-add1dbaa21d2,670e3ae3-a9d9-43b5-88a5-d03708d03e7e,400,17:29:38
c9a910b1-65fa-42f3-ab9f-c3b27120bf04,f303c6d3-0646-49a9-88a6-b9bb003491ba,200,00:01:22
c7b9d464-98be-45c4-8795-ad2fd247caff,f303c6d3-0646-49a9-88a6-b9bb003491ba,500,00:01:29
